{"cameraMode":{"drawMode":0,"name":"Shaded","section":"Shading Mode"},"sceneLighting":false,"audioPlay":false,"sceneViewState":{"m_AlwaysRefresh":false,"showFog":true,"showSkybox":false,"showFlares":true,"showImageEffects":true,"showParticleSystems":true,"showVisualEffectGraphs":true,"m_FxEnabled":true},"in2DMode":false,"pivot":{"x":0.36492204666137698,"y":-0.008708596229553223,"z":-4.917383193969727e-7},"rotation":{"x":-0.2589609622955322,"y":-0.48849138617515566,"z":0.15449151396751405,"w":-0.8188155293464661},"size":1.4825259447097779,"orthographic":false}