{"cameraMode":{"drawMode":0,"name":"Shaded","section":"Shading Mode"},"sceneLighting":false,"audioPlay":false,"sceneViewState":{"m_AlwaysRefresh":false,"showFog":true,"showSkybox":false,"showFlares":true,"showImageEffects":true,"showParticleSystems":true,"showVisualEffectGraphs":true,"m_FxEnabled":true},"in2DMode":false,"pivot":{"x":-0.011498093605041504,"y":2.110429048538208,"z":41.46143341064453},"rotation":{"x":0.24205370247364045,"y":-0.012227059341967106,"z":0.00305048911832273,"w":0.9701884388923645},"size":1.5326486825942994,"orthographic":true}