{"cameraMode":{"drawMode":0,"name":"Shaded","section":"Shading Mode"},"sceneLighting":false,"audioPlay":false,"sceneViewState":{"m_AlwaysRefresh":false,"showFog":true,"showSkybox":false,"showFlares":true,"showImageEffects":true,"showParticleSystems":true,"showVisualEffectGraphs":true,"m_FxEnabled":true},"in2DMode":false,"pivot":{"x":0.26374149322509768,"y":1.4334007501602173,"z":3.6843039989471437},"rotation":{"x":-0.13996268808841706,"y":0.6868963837623596,"z":-0.13738080859184266,"w":-0.6998013257980347},"size":0.573848307132721,"orthographic":false}