{"cameraMode":{"drawMode":0,"name":"Shaded","section":"Shading Mode"},"sceneLighting":false,"audioPlay":false,"sceneViewState":{"m_AlwaysRefresh":false,"showFog":true,"showSkybox":false,"showFlares":true,"showImageEffects":true,"showParticleSystems":true,"showVisualEffectGraphs":true,"m_FxEnabled":true},"in2DMode":false,"pivot":{"x":0.035075217485427859,"y":-0.11171562969684601,"z":0.00040984153747558594},"rotation":{"x":-0.2589609622955322,"y":-0.48849138617515566,"z":0.15449151396751405,"w":-0.8188155293464661},"size":0.3516322374343872,"orthographic":false}