{"cameraMode":{"drawMode":0,"name":"Shaded","section":"Shading Mode"},"sceneLighting":false,"audioPlay":false,"sceneViewState":{"m_AlwaysRefresh":false,"showFog":true,"showSkybox":false,"showFlares":true,"showImageEffects":true,"showParticleSystems":true,"showVisualEffectGraphs":true,"m_FxEnabled":true},"in2DMode":false,"pivot":{"x":0.06375905871391297,"y":-0.0327228307723999,"z":0.000007234513759613037},"rotation":{"x":-0.3108012080192566,"y":0.11143294721841812,"z":-0.036718763411045077,"w":-0.9432110786437988},"size":0.2804388999938965,"orthographic":false}