{"cameraMode":{"drawMode":0,"name":"Shaded","section":"Shading Mode"},"sceneLighting":true,"audioPlay":false,"sceneViewState":{"m_AlwaysRefresh":false,"showFog":true,"showSkybox":true,"showFlares":true,"showImageEffects":true,"showParticleSystems":true,"showVisualEffectGraphs":true,"m_FxEnabled":true},"in2DMode":false,"pivot":{"x":0.5211933851242065,"y":1.609868049621582,"z":2.927042007446289},"rotation":{"x":-0.25828468799591067,"y":-0.021157335489988328,"z":0.005658377427607775,"w":-0.9658225774765015},"size":4.195420265197754,"orthographic":false}